None,Reebok Women Black Socks,http://www.myntra.com/Socks/Reebok/Reebok-Women-Black-Socks/235896/buy,Rs. 179,women-socks,Socks,Reebok,http://myntra.myntassets.com/images/style/properties/Reebok-Women-Socks_24227944b76330461910c6a247a08f4c_images_1080_1440_mini.jpg,None,None,women,http://www.myntra.com/Socks/Reebok/Reebok-Women-Black-Socks/235896/buy,Sold byVector Ecommerce Pvt Ltd,None,None,single size,None,<ul class="mk-pdpv1-product-helper mk-cf"><li class="desc-main-title">Product Description</li><li class="desc-sub-title">Style Note</li><li class="desc-sub-text " itemprop="description"><p>Soft, comfy socks from Reebok to keep your feet in cushioned bliss all day. This is definitely a great buy.</p></li><li class="desc-sub-title ">Product Details</li><li class="desc-sub-text"><p>Black ankle length socks with coral pink accents, has ribbed cuffs, knitted branding, and three dimensional shaped heel and toe for a good fit</p></li><li class="desc-sub-title ">Material &amp; Care</li><li class="desc-sub-text "><p>Cotton and terry<br/> Machine wash warm</p></li></ul>,26:02:2014,None
None,Reebok Women Pack of 3 Socks,http://www.myntra.com/Socks/Reebok/Reebok-Women-Pack-of-3-Socks/235906/buy,Rs. 449,women-socks,Socks,Reebok,http://myntra.myntassets.com/images/style/properties/Reebok-Women-Socks_8a70dabb194ba7f44db7100a920442bc_images_1080_1440_mini.jpg,None,None,women,http://www.myntra.com/Socks/Reebok/Reebok-Women-Pack-of-3-Socks/235906/buy,Sold byVector Ecommerce Pvt Ltd,None,None,single size,None,<ul class="mk-pdpv1-product-helper mk-cf"><li class="desc-main-title">Product Description</li><li class="desc-sub-title">Style Note</li><li class="desc-sub-text " itemprop="description"><p>Soft, comfy socks from Reebok to keep your feet in cushioned bliss all day. This is definitely a great buy.</p></li><li class="desc-sub-title ">Product Details</li><li class="desc-sub-text"><p>Pack of three ankle length socks in blue, coral pink and white, has contrast ribbed cuffs, knitted branding, and three dimensional shaped heel and toe for a good fit</p></li><li class="desc-sub-title ">Material &amp; Care</li><li class="desc-sub-text "><p>Cotton and terry<br/> Machine wash warm</p></li></ul>,26:02:2014,None
None,Reebok Women Pack of 3 Socks,http://www.myntra.com/Socks/Reebok/Reebok-Women-Pack-of-3-Socks/235909/buy,Rs. 599,women-socks,Socks,Reebok,http://myntra.myntassets.com/images/style/properties/Reebok-Women-Socks_e4c68de51197ef76a8a29ab725473325_images_1080_1440_mini.jpg,None,None,women,http://www.myntra.com/Socks/Reebok/Reebok-Women-Pack-of-3-Socks/235909/buy,Sold byVector Ecommerce Pvt Ltd,None,None,single size,None,<ul class="mk-pdpv1-product-helper mk-cf"><li class="desc-main-title">Product Description</li><li class="desc-sub-title">Style Note</li><li class="desc-sub-text " itemprop="description"><p>Super soft and comfortable, these socks from Reebok can be worn for both athletic pursuits and casual occasions.</p></li><li class="desc-sub-title ">Product Details</li><li class="desc-sub-text"><p>Pack of three above ankle length socks in pink, blue and black with elasticated and ribbed cuffs, branding on the cuffs, absorbent cotton with plush terry for a good and comfortable fit</p></li><li class="desc-sub-title ">Material &amp; Care</li><li class="desc-sub-text "><p>Cotton and terry<br/>Machine wash warm</p></li></ul>,26:02:2014,None
None,Reebok Women Pack of 3 Socks,http://www.myntra.com/Socks/Reebok/Reebok-Women-Pack-of-3-Socks/235910/buy,Rs. 599,women-socks,Socks,Reebok,http://myntra.myntassets.com/images/style/properties/Reebok-Women-Socks_d48d11e8b12dd61a1a177dc0d19bd5f1_images_1080_1440_mini.jpg,None,None,women,http://www.myntra.com/Socks/Reebok/Reebok-Women-Pack-of-3-Socks/235910/buy,Sold byVector Ecommerce Pvt Ltd,None,None,single size,None,<ul class="mk-pdpv1-product-helper mk-cf"><li class="desc-main-title">Product Description</li><li class="desc-sub-title">Style Note</li><li class="desc-sub-text " itemprop="description"><p>Super soft and comfortable, these socks from Reebok can be worn for both athletic pursuits and casual occasions.</p></li><li class="desc-sub-title ">Product Details</li><li class="desc-sub-text"><p>Pack of three above ankle length socks in pink, blue and grey with elasticated and ribbed cuffs, branding on the cuffs, absorbent cotton with plush terry for a good and comfortable fit</p></li><li class="desc-sub-title ">Material &amp; Care</li><li class="desc-sub-text "><p>Cotton and terry<br/>Machine wash warm</p></li></ul>,26:02:2014,None
None,Reebok Women White Socks,http://www.myntra.com/Socks/Reebok/Reebok-Women-White-Socks/235897/buy,Rs. 179,women-socks,Socks,Reebok,http://myntra.myntassets.com/images/style/properties/Reebok-Women-Socks_a11d6aedc07ee30b24b9ea333d2e2e28_images_1080_1440_mini.jpg,None,None,women,http://www.myntra.com/Socks/Reebok/Reebok-Women-White-Socks/235897/buy,Sold byVector Ecommerce Pvt Ltd,None,None,single size,None,<ul class="mk-pdpv1-product-helper mk-cf"><li class="desc-main-title">Product Description</li><li class="desc-sub-title">Style Note</li><li class="desc-sub-text " itemprop="description"><p>Soft, comfy socks from Reebok to keep your feet in cushioned bliss all day. This is definitely a great buy.</p></li><li class="desc-sub-title ">Product Details</li><li class="desc-sub-text"><p>White ankle length socks with orange accents, has ribbed cuffs, knitted branding, and three dimensional shaped heel and toe for a good fit</p><div id="_mcePaste" style="position: absolute; left: -10000px; top: 0px; width: 1px; height: 1px; overflow: hidden;">235896</div></li><li class="desc-sub-title ">Material &amp; Care</li><li class="desc-sub-text "><p>Cotton and terry<br/> Machine wash warm</p></li></ul>,26:02:2014,None
None,Reebok Women Coral Pink Socks,http://www.myntra.com/Socks/Reebok/Reebok-Women-Coral-Pink-Socks/235898/buy,Rs. 179,women-socks,Socks,Reebok,http://myntra.myntassets.com/images/style/properties/Reebok-Women-Socks_603e6d28996a99cd068f551f954ce9ed_images_1080_1440_mini.jpg,None,None,women,http://www.myntra.com/Socks/Reebok/Reebok-Women-Coral-Pink-Socks/235898/buy,Sold byVector Ecommerce Pvt Ltd,None,None,single size,None,<ul class="mk-pdpv1-product-helper mk-cf"><li class="desc-main-title">Product Description</li><li class="desc-sub-title">Style Note</li><li class="desc-sub-text " itemprop="description"><p>Soft, comfy socks from Reebok to keep your feet in cushioned bliss all day. This is definitely a great buy.</p></li><li class="desc-sub-title ">Product Details</li><li class="desc-sub-text"><p>Coral pink ankle length socks with white accents, has ribbed cuffs, knitted branding, and three dimensional shaped heel and toe for a good fit</p></li><li class="desc-sub-title ">Material &amp; Care</li><li class="desc-sub-text "><p>Cotton and terry<br/> Machine wash warm</p></li></ul>,26:02:2014,None
None,Reebok Women Pack of 3 Socks,http://www.myntra.com/Socks/Reebok/Reebok-Women-Pack-of-3-Socks/235907/buy,Rs. 449,women-socks,Socks,Reebok,http://myntra.myntassets.com/images/style/properties/Reebok-Women-Socks_b06f17cf7eaeaad870ff69069d530a33_images_1080_1440.jpg,None,None,women,http://www.myntra.com/Socks/Reebok/Reebok-Women-Pack-of-3-Socks/235907/buy,Sold byVector Ecommerce Pvt Ltd,None,None,single size,None,<ul class="mk-pdpv1-product-helper mk-cf"><li class="desc-main-title">Product Description</li><li class="desc-sub-title">Style Note</li><li class="desc-sub-text " itemprop="description"><p>Soft, comfy socks from Reebok to keep your feet in cushioned bliss all day. This is definitely a great buy.</p></li><li class="desc-sub-title ">Product Details</li><li class="desc-sub-text"><p>Pack of three ankle length socks in black, pink and orange, has contrast ribbed cuffs, knitted branding, and three dimensional shaped heel and toe for a good fit</p></li><li class="desc-sub-title ">Material &amp; Care</li><li class="desc-sub-text "><p>Cotton and terry<br/> Machine wash warm</p></li></ul>,26:02:2014,None
None,Reebok Women Black Socks,http://www.myntra.com/Socks/Reebok/Reebok-Women-Black-Socks/235896/buy,Rs. 179,women-socks,Socks,Reebok,http://myntra.myntassets.com/images/style/properties/Reebok-Women-Socks_24227944b76330461910c6a247a08f4c_images_1080_1440_mini.jpg,None,None,women,http://www.myntra.com/Socks/Reebok/Reebok-Women-Black-Socks/235896/buy,Sold byVector Ecommerce Pvt Ltd,None,None,single size,None,<ul class="mk-pdpv1-product-helper mk-cf"><li class="desc-main-title">Product Description</li><li class="desc-sub-title">Style Note</li><li class="desc-sub-text " itemprop="description"><p>Soft, comfy socks from Reebok to keep your feet in cushioned bliss all day. This is definitely a great buy.</p></li><li class="desc-sub-title ">Product Details</li><li class="desc-sub-text"><p>Black ankle length socks with coral pink accents, has ribbed cuffs, knitted branding, and three dimensional shaped heel and toe for a good fit</p></li><li class="desc-sub-title ">Material &amp; Care</li><li class="desc-sub-text "><p>Cotton and terry<br/> Machine wash warm</p></li></ul>,26:02:2014,None
None,Reebok Women Coral Pink Socks,http://www.myntra.com/Socks/Reebok/Reebok-Women-Coral-Pink-Socks/235898/buy,Rs. 179,women-socks,Socks,Reebok,http://myntra.myntassets.com/images/style/properties/Reebok-Women-Socks_603e6d28996a99cd068f551f954ce9ed_images_1080_1440_mini.jpg,None,None,women,http://www.myntra.com/Socks/Reebok/Reebok-Women-Coral-Pink-Socks/235898/buy,Sold byVector Ecommerce Pvt Ltd,None,None,single size,None,<ul class="mk-pdpv1-product-helper mk-cf"><li class="desc-main-title">Product Description</li><li class="desc-sub-title">Style Note</li><li class="desc-sub-text " itemprop="description"><p>Soft, comfy socks from Reebok to keep your feet in cushioned bliss all day. This is definitely a great buy.</p></li><li class="desc-sub-title ">Product Details</li><li class="desc-sub-text"><p>Coral pink ankle length socks with white accents, has ribbed cuffs, knitted branding, and three dimensional shaped heel and toe for a good fit</p></li><li class="desc-sub-title ">Material &amp; Care</li><li class="desc-sub-text "><p>Cotton and terry<br/> Machine wash warm</p></li></ul>,26:02:2014,None
None,Reebok Women Pack of 3 Socks,http://www.myntra.com/Socks/Reebok/Reebok-Women-Pack-of-3-Socks/235910/buy,Rs. 599,women-socks,Socks,Reebok,http://myntra.myntassets.com/images/style/properties/Reebok-Women-Socks_d48d11e8b12dd61a1a177dc0d19bd5f1_images_1080_1440_mini.jpg,None,None,women,http://www.myntra.com/Socks/Reebok/Reebok-Women-Pack-of-3-Socks/235910/buy,Sold byVector Ecommerce Pvt Ltd,None,None,single size,None,<ul class="mk-pdpv1-product-helper mk-cf"><li class="desc-main-title">Product Description</li><li class="desc-sub-title">Style Note</li><li class="desc-sub-text " itemprop="description"><p>Super soft and comfortable, these socks from Reebok can be worn for both athletic pursuits and casual occasions.</p></li><li class="desc-sub-title ">Product Details</li><li class="desc-sub-text"><p>Pack of three above ankle length socks in pink, blue and grey with elasticated and ribbed cuffs, branding on the cuffs, absorbent cotton with plush terry for a good and comfortable fit</p></li><li class="desc-sub-title ">Material &amp; Care</li><li class="desc-sub-text "><p>Cotton and terry<br/>Machine wash warm</p></li></ul>,26:02:2014,None
None,Reebok Women Pack of 3 Socks,http://www.myntra.com/Socks/Reebok/Reebok-Women-Pack-of-3-Socks/235907/buy,Rs. 449,women-socks,Socks,Reebok,http://myntra.myntassets.com/images/style/properties/Reebok-Women-Socks_b06f17cf7eaeaad870ff69069d530a33_images_1080_1440_mini.jpg,None,None,women,http://www.myntra.com/Socks/Reebok/Reebok-Women-Pack-of-3-Socks/235907/buy,Sold byVector Ecommerce Pvt Ltd,None,None,single size,None,<ul class="mk-pdpv1-product-helper mk-cf"><li class="desc-main-title">Product Description</li><li class="desc-sub-title">Style Note</li><li class="desc-sub-text " itemprop="description"><p>Soft, comfy socks from Reebok to keep your feet in cushioned bliss all day. This is definitely a great buy.</p></li><li class="desc-sub-title ">Product Details</li><li class="desc-sub-text"><p>Pack of three ankle length socks in black, pink and orange, has contrast ribbed cuffs, knitted branding, and three dimensional shaped heel and toe for a good fit</p></li><li class="desc-sub-title ">Material &amp; Care</li><li class="desc-sub-text "><p>Cotton and terry<br/> Machine wash warm</p></li></ul>,26:02:2014,None
None,Reebok Women Pack of 3 Socks,http://www.myntra.com/Socks/Reebok/Reebok-Women-Pack-of-3-Socks/235909/buy,Rs. 599,women-socks,Socks,Reebok,http://myntra.myntassets.com/images/style/properties/Reebok-Women-Socks_e4c68de51197ef76a8a29ab725473325_images_1080_1440_mini.jpg,None,None,women,http://www.myntra.com/Socks/Reebok/Reebok-Women-Pack-of-3-Socks/235909/buy,Sold byVector Ecommerce Pvt Ltd,None,None,single size,None,<ul class="mk-pdpv1-product-helper mk-cf"><li class="desc-main-title">Product Description</li><li class="desc-sub-title">Style Note</li><li class="desc-sub-text " itemprop="description"><p>Super soft and comfortable, these socks from Reebok can be worn for both athletic pursuits and casual occasions.</p></li><li class="desc-sub-title ">Product Details</li><li class="desc-sub-text"><p>Pack of three above ankle length socks in pink, blue and black with elasticated and ribbed cuffs, branding on the cuffs, absorbent cotton with plush terry for a good and comfortable fit</p></li><li class="desc-sub-title ">Material &amp; Care</li><li class="desc-sub-text "><p>Cotton and terry<br/>Machine wash warm</p></li></ul>,26:02:2014,None
None,Reebok Women Pack of 3 Socks,http://www.myntra.com/Socks/Reebok/Reebok-Women-Pack-of-3-Socks/235906/buy,Rs. 449,women-socks,Socks,Reebok,http://myntra.myntassets.com/images/style/properties/Reebok-Women-Socks_8a70dabb194ba7f44db7100a920442bc_images_1080_1440_mini.jpg,None,None,women,http://www.myntra.com/Socks/Reebok/Reebok-Women-Pack-of-3-Socks/235906/buy,Sold byVector Ecommerce Pvt Ltd,None,None,single size,None,<ul class="mk-pdpv1-product-helper mk-cf"><li class="desc-main-title">Product Description</li><li class="desc-sub-title">Style Note</li><li class="desc-sub-text " itemprop="description"><p>Soft, comfy socks from Reebok to keep your feet in cushioned bliss all day. This is definitely a great buy.</p></li><li class="desc-sub-title ">Product Details</li><li class="desc-sub-text"><p>Pack of three ankle length socks in blue, coral pink and white, has contrast ribbed cuffs, knitted branding, and three dimensional shaped heel and toe for a good fit</p></li><li class="desc-sub-title ">Material &amp; Care</li><li class="desc-sub-text "><p>Cotton and terry<br/> Machine wash warm</p></li></ul>,26:02:2014,None
None,Reebok Women White Socks,http://www.myntra.com/Socks/Reebok/Reebok-Women-White-Socks/235897/buy,Rs. 179,women-socks,Socks,Reebok,http://myntra.myntassets.com/images/style/properties/Reebok-Women-Socks_a11d6aedc07ee30b24b9ea333d2e2e28_images_1080_1440_mini.jpg,None,None,women,http://www.myntra.com/Socks/Reebok/Reebok-Women-White-Socks/235897/buy,Sold byVector Ecommerce Pvt Ltd,None,None,single size,None,<ul class="mk-pdpv1-product-helper mk-cf"><li class="desc-main-title">Product Description</li><li class="desc-sub-title">Style Note</li><li class="desc-sub-text " itemprop="description"><p>Soft, comfy socks from Reebok to keep your feet in cushioned bliss all day. This is definitely a great buy.</p></li><li class="desc-sub-title ">Product Details</li><li class="desc-sub-text"><p>White ankle length socks with orange accents, has ribbed cuffs, knitted branding, and three dimensional shaped heel and toe for a good fit</p><div id="_mcePaste" style="position: absolute; left: -10000px; top: 0px; width: 1px; height: 1px; overflow: hidden;">235896</div></li><li class="desc-sub-title ">Material &amp; Care</li><li class="desc-sub-text "><p>Cotton and terry<br/> Machine wash warm</p></li></ul>,26:02:2014,None
